Array,1469
Matrix,194
Simulation,153
Dynamic Programming,437
Binary Search,223
Depth-First Search,203
Breadth-First Search,167
Graph,124
Shortest Path,27
Two Pointers,146
Stack,113
Segment Tree,43
Queue,32
Monotonic Stack,46
Monotonic Queue,16
Math,431
Sliding Window,121
Enumeration,98
Number Theory,60
Hash Table,521
String,609
Greedy,344
Sorting,356
Prefix Sum,160
String Matching,30
Design,68
Heap (Priority Queue),154
Ordered Set,46
Combinatorics,39
Bit Manipulation,189
Counting,133
Binary Indexed Tree,29
Geometry,31
Backtracking,69
Bitmask,42
Union Find,67
Tree,140
Hash Function,26
Binary Tree,95
Recursion,21
Trie,41
Rolling Hash,22
Game Theory,22
Brainteaser,12
Linked List,24
Suffix Array,5
Divide and Conquer,20
Memoization,32
Strongly Connected Component,3
Topological Sort,25
Data Stream,12
Binary Search Tree,17
Merge Sort,4
Radix Sort,1
Quickselect,4
Doubly-Linked List,3
Eulerian Circuit,2
Counting Sort,5
Line Sweep,4
Minimum Spanning Tree,4
Randomized,2
Probability and Statistics,5
Iterator,3
Interactive,4
Biconnected Component,1
Reservoir Sampling,1
