contest,problem
weekly-contest-432,zigzag-grid-traversal-with-skip
weekly-contest-432,maximum-amount-of-money-robot-can-earn
weekly-contest-432,minimize-the-maximum-edge-weight-of-graph
weekly-contest-432,count-non-decreasing-subarrays-after-k-operations
weekly-contest-431,maximum-subarray-with-equal-products
weekly-contest-431,find-mirror-score-of-a-string
weekly-contest-431,maximum-coins-from-k-consecutive-bags
weekly-contest-431,maximum-score-of-non-overlapping-intervals
biweekly-contest-147,substring-matching-pattern
biweekly-contest-147,design-task-manager
biweekly-contest-147,longest-subsequence-with-decreasing-adjacent-difference
biweekly-contest-147,maximize-subarray-sum-after-removing-all-occurrences-of-one-element
weekly-contest-430,minimum-operations-to-make-columns-strictly-increasing
weekly-contest-430,find-the-lexicographically-largest-string-from-the-box-i
weekly-contest-430,count-special-subsequences
weekly-contest-430,count-the-number-of-arrays-with-k-matching-adjacent-elements
weekly-contest-429,minimum-number-of-operations-to-make-elements-in-array-distinct
weekly-contest-429,maximum-number-of-distinct-elements-after-operations
weekly-contest-429,smallest-substring-with-identical-characters-i
weekly-contest-429,smallest-substring-with-identical-characters-ii
biweekly-contest-146,count-subarrays-of-length-three-with-a-condition
biweekly-contest-146,count-paths-with-the-given-xor-value
biweekly-contest-146,check-if-grid-can-be-cut-into-sections
biweekly-contest-146,subsequences-with-a-unique-middle-mode-i
weekly-contest-428,button-with-longest-push-time
weekly-contest-428,maximize-amount-after-two-days-of-conversions
weekly-contest-428,count-beautiful-splits-in-an-array
weekly-contest-428,minimum-operations-to-make-character-frequencies-equal
weekly-contest-427,transformed-array
weekly-contest-427,maximum-area-rectangle-with-point-constraints-i
weekly-contest-427,maximum-subarray-sum-with-length-divisible-by-k
weekly-contest-427,maximum-area-rectangle-with-point-constraints-ii
biweekly-contest-145,minimum-operations-to-make-array-values-equal-to-k
biweekly-contest-145,minimum-time-to-break-locks-i
biweekly-contest-145,digit-operations-to-make-two-integers-equal
biweekly-contest-145,count-connected-components-in-lcm-graph
weekly-contest-426,smallest-number-with-all-set-bits
weekly-contest-426,identify-the-largest-outlier-in-an-array
weekly-contest-426,maximize-the-number-of-target-nodes-after-connecting-trees-i
weekly-contest-426,maximize-the-number-of-target-nodes-after-connecting-trees-ii
