ranking,currentRating,currentGlobalRanking,dataRegion,user
"[12, 1, 1, 6, 3, 43, 1, 1, 374, 2, 1325, 9, 4, 4, 19, 165, 26, 2, 1, 4, 32, 8, 1, 1, 1, 1]",3702.788,1,US,"{'username': 'fjzzq2002', 'profile': {'countryName': None}}"
"[11, 1, 1, 1, 2, 18, 1, 3, 65, 1, 2, 1, 3, 1, 5, 69, 17, 146, 7, 1, 21, 5, 21, 76, 9, 1, 1, 1, 1, 1, 2, 3, 4, 57, 7, 1, 1, 2, 2, 1, 3, 3, 2, 1, 2, 3, 2, 1, 1, 3, 1]",3686.191,2,US,"{'username': 'neal_wu', 'profile': {'countryName': 'United States'}}"
"[2661, 576, 216, 166, 148, 18, 17, 36, 11, 179, 100, 91, 6, 64, 6, 140, 15, 58, 93, 808, 57, 461, 1547, 14, 11, 39, 66, 129, 2, 5, 17, 2, 10, 17, 2, 67, 59, 15, 24, 11, 16, 26, 18, 89, 18, 21, 25, 4, 165, 42, 7, 12, 3, 228, 7, 82, 1, 4, 1, 51, 8, 58, 2, 5, 4, 25, 7, 379, 1, 83, 4, 50, 85, 6, 16, 1, 24, 41, 56, 9, 2, 1, 3, 1]",3644.841,3,US,"{'username': 'Yawn_Sean', 'profile': {'countryName': None}}"
"[1786, 6507, 1582, 2500, 1161, 7563, 2251, 3843, 448, 688, 834, 1621, 5217, 8183, 850, 589, 3008, 5584, 898, 1615, 125, 979, 728, 229, 118, 676, 438, 74, 1234, 29, 16, 492, 323, 376, 482, 974, 1026, 17, 9, 166, 313, 407, 75, 14, 116, 869, 17, 186, 13, 39, 64, 114, 1583, 489, 13, 73, 84, 161, 56, 85, 124, 56, 16, 4, 23, 52, 105, 7, 126, 158, 6, 16, 1, 19, 77, 14, 3, 68, 91, 7, 52, 12, 1, 550, 1, 217, 12, 209, 78, 15, 24, 2, 1, 7, 26, 1, 11, 3, 18, 26, 3, 10, 1, 3, 11, 9, 2]",3611.476,4,CN,"{'username': 'ahmed007boss', 'profile': {'countryName': '中国'}}"
"[230, 46, 270, 21, 127, 8, 119, 99, 9, 49, 9, 215, 57, 17, 38, 21, 58, 15, 16, 28, 7, 63, 6, 89, 39, 11, 6, 27, 108, 13, 73, 30, 3, 39, 5, 18, 12, 9, 4, 1, 1, 2, 2, 4, 2, 2, 10, 4, 44, 1, 27, 8, 35, 1, 5, 37, 443, 23, 5, 11, 22, 3, 6, 5, 203, 4, 24, 8, 4, 34, 24, 9, 3, 23, 9, 8, 156, 21, 6, 9, 2, 10, 6, 8, 15, 31, 8, 2, 9, 28, 3, 63, 3, 45, 11, 8, 37, 1, 7, 1, 13, 30, 40, 10, 5, 7, 23, 28, 9, 1, 7, 36, 7, 10, 41, 10, 119, 4, 2, 16, 3, 25, 14, 17, 277, 18, 19, 89, 5, 40, 33, 7, 1, 2, 63, 24, 2, 2, 2, 3, 1, 7, 40, 3, 108, 1]",3599.473,5,CN,"{'username': 'liming-v', 'profile': {'countryName': '中国'}}"
"[377, 8, 638, 447, 3, 340, 70, 776, 219, 43, 53, 1, 34, 3, 28, 93, 139, 196, 57, 9, 240, 45, 33, 54, 170, 4, 1, 35, 12, 110, 856, 100, 27, 2, 598, 1, 16, 74, 26, 2, 88, 217, 22, 38, 10, 2, 10, 26, 18, 2, 18, 11, 4, 69, 1, 15, 12, 238, 20, 12, 58, 51, 3, 20, 120, 4, 4, 12, 12, 9, 121, 2, 1, 1, 3, 2, 1, 1, 2, 443, 1, 3, 79, 52, 2, 1, 2, 1, 174, 3, 6, 22, 14, 19, 2, 10, 5, 2, 28, 11]",3589.337,6,US,"{'username': 'numb3r5', 'profile': {'countryName': 'Australia'}}"
"[7, 159, 1, 15, 6, 23, 13, 11, 13, 9, 3, 4, 6, 22, 10, 2, 17, 3, 18, 4, 1, 7, 57, 7, 11, 2, 22, 10, 39, 3, 2, 165, 4, 6, 22, 2, 8, 72, 7, 15, 35, 37, 3, 34, 15, 38, 8, 9, 2, 4, 55, 25, 28, 10, 22, 18, 12, 124, 6, 22, 6, 6, 9, 31, 66, 38, 18, 13, 36, 332, 8, 12, 2, 16, 203, 2, 1, 8, 1, 1, 8]",3559.1366818125916,7,CN,"{'username': 'getnaukri', 'profile': {'countryName': ''}}"
"[20, 288, 208, 39, 1888, 265, 42, 69, 29, 380, 84, 43, 7, 8, 249, 21, 68, 62, 82, 38, 184, 10, 37, 44, 4, 412, 17, 30, 56, 15, 24, 2, 54, 162, 44, 75, 130, 14, 81, 459, 31, 49, 23, 48, 258, 44, 99, 646, 89, 45, 8, 23, 14, 30, 8, 30, 32, 43, 48, 103, 316, 56, 22, 112, 34, 65, 314, 7, 66, 26, 185, 159, 42, 16, 1, 5, 19, 5, 83, 141, 16, 5, 24, 15, 184, 5, 64, 31, 3, 99, 23, 30, 5, 29, 26, 4, 10, 29, 27, 11, 1, 11, 11, 7, 14, 4, 38, 235, 2, 23, 5, 48, 4, 1, 12, 139, 14, 45, 2, 6, 7, 3, 4, 4, 1, 15, 5, 10, 55, 2, 54]",3539.254,8,CN,"{'username': 'Allink', 'profile': {'countryName': '中国'}}"
"[27, 5, 31, 7, 9, 10, 281, 51, 17, 89, 3, 1, 5, 4, 1, 275, 5, 29, 31, 21, 10, 17, 30, 176, 1, 5, 432, 18, 14, 18, 24, 41, 7, 416, 44, 45, 5, 21, 3, 11, 27, 50, 81, 33, 8, 61, 10, 228, 35, 113, 20, 23, 11, 10, 53, 70, 17, 108, 7, 4, 12, 2, 80, 10, 13, 17, 18, 19, 9, 103, 47, 48, 1, 24, 14, 51, 3, 97, 18, 18, 54, 26, 30, 8, 2, 71, 22, 44, 2, 6, 2, 5, 10, 13, 7, 9]",3513.227,9,US,"{'username': 'jonathanirvings', 'profile': {'countryName': 'Singapore'}}"
"[495, 534, 431, 46, 36, 203, 801, 1458, 9, 127, 1666, 594, 260, 267, 549, 21, 25, 91, 1, 168, 154, 23, 11, 15, 12, 8, 19, 79, 1, 26, 74, 2, 47, 699, 5, 108, 16, 24, 73, 29, 25, 14, 39, 36, 225, 1, 37, 27, 9, 6, 1, 2, 223, 18, 3, 19, 3, 291, 36, 20, 1, 25, 12, 41, 3, 23, 49, 3, 5, 56, 1, 90, 425, 32, 54, 5180, 1, 27, 37, 1, 194, 4, 7, 47, 2, 7, 3, 7]",3506.396,10,US,"{'username': 'PurpleCrayon', 'profile': {'countryName': None}}"
"[124, 1890, 72, 96, 81, 1588, 33, 15, 49, 29, 53, 235, 28, 241, 1026, 83, 28, 34, 42, 20, 45, 70, 37, 18, 210, 5, 140, 13, 81, 103, 108, 62, 1009, 320, 48, 30, 18, 188, 2, 29, 22, 37, 97, 47, 16, 1, 36, 37, 4, 13, 1, 2, 1, 1, 19, 60, 10, 13, 20, 36, 1]",3499.5468133734294,11,CN,"{'username': 'hankray', 'profile': {'countryName': '中国'}}"
"[17, 3, 4, 39, 6, 1, 3, 14, 2, 2, 15, 9, 31, 4, 42, 6, 5, 17, 1, 4, 204, 4, 5, 1, 10, 1, 7, 8, 73, 35, 34, 4, 23, 39, 12, 9, 472, 12, 133, 14, 12, 9, 1, 3, 5, 11, 5, 4, 15, 7, 2, 4, 57, 3, 22, 19, 11, 1, 24, 6, 23, 9, 17, 19, 4, 24, 52, 3, 147, 6, 52, 5, 40, 11, 25, 4, 6, 2, 3, 5, 3, 16, 8, 41, 48, 3, 29, 2, 159, 29, 51, 3, 426, 3, 58, 1, 65, 11, 4, 53, 19, 5, 5, 5, 5, 9, 19, 6, 173, 2, 36, 4, 42, 3, 34, 4, 3, 15, 9, 2, 2, 8, 2, 2, 4, 5, 1, 12, 59, 3, 22, 6, 25, 39, 47, 12, 9, 32, 10, 45, 4, 31, 13, 4, 7, 14, 9, 222, 1, 160, 73, 20, 13, 7, 8, 4, 3, 8, 12, 29, 3, 61, 14, 5, 125, 2, 4, 6, 4, 16, 17, 4, 32, 9, 31, 1, 24, 20, 17, 2, 44, 4, 27, 6, 11, 2, 18, 4, 2, 11, 31, 42, 2, 6, 14, 10, 114, 12, 15, 6, 15, 7, 438, 16, 15, 259, 15, 10, 51, 13, 5, 3, 2, 7, 3, 3, 58, 1, 1, 295, 11, 13, 21, 76, 1, 456, 22, 4, 1, 4, 25, 25, 3, 7, 5, 16, 14, 17, 17, 8, 23, 22, 3, 8, 5, 1, 12, 1, 21, 18, 10, 8, 1, 1, 50, 91, 4, 25, 48, 22, 4, 1, 64, 4, 1, 53, 13, 9, 27, 8, 13, 35, 20, 86, 17, 12, 9, 20, 8, 6, 25, 2, 10, 60, 14, 2, 6]",3491.947685601129,12,CN,"{'username': 'zhoupeiyun', 'profile': {'countryName': '中国'}}"
"[14, 27, 18, 10, 106, 4, 1, 3, 14, 2, 5, 4, 5, 4, 96, 1, 10, 4, 1, 4, 12, 6, 21, 3, 4, 3, 1, 4, 2, 44, 5, 1, 1, 3, 4, 2, 6, 101, 4, 6, 2, 1, 5, 1, 2, 1, 8, 3, 1, 1, 9, 1, 2, 20, 4, 6, 1, 1, 1, 1, 25, 2, 21, 2, 6, 3, 1, 1, 2, 4, 9, 2, 1, 1, 7, 1, 8, 3, 2, 1, 4, 24, 2, 2, 17, 11, 49, 20, 2, 5, 1, 1, 1, 2, 9, 9, 7, 8, 7, 2, 8, 10, 2, 2, 3, 4, 69, 1, 2, 1, 2, 3, 17, 20, 3, 18, 11, 1, 19, 13, 8, 1, 5, 8, 1, 14, 12, 5, 5, 5, 24, 1, 233, 10, 14, 4, 21, 3, 3, 2, 9, 5, 5, 3, 3, 13, 5, 16, 11, 37, 11, 10, 3, 1, 9, 44, 55, 4, 22, 4, 4, 9, 13, 17, 2, 6, 1, 4, 1, 2, 10, 15, 5, 115, 4, 8, 1, 5, 3, 7, 14, 3, 5, 6, 2, 11, 40, 24, 7, 616, 9, 4, 10, 1, 3, 8, 74, 3, 13, 2, 3, 8, 182, 32, 2, 15, 2, 48, 1, 1, 2, 1, 34, 6, 4, 3, 22, 18, 29, 5, 1, 1, 3, 9, 5, 3, 39, 3, 30, 1, 5, 6, 14, 7, 3, 1, 18, 5, 5, 1, 1, 18, 2, 8, 13, 17, 23, 1, 20, 1, 1, 8, 7, 10, 1, 106, 20, 4, 23, 1, 1, 17, 2, 9, 31, 6, 1, 2, 75, 4, 2, 3, 201, 1, 2, 1, 1, 101, 76, 1, 60, 2, 27, 76, 6, 24, 1, 1, 2, 44, 406, 13, 1, 1, 5, 35, 6, 62, 11, 16, 11, 17, 39, 6, 38, 23, 16, 14, 5, 6, 23, 3, 30, 4, 1716, 761, 29, 70, 1, 80, 4, 11, 16, 1, 1, 12, 2, 24, 48, 3, 24, 56, 34, 12, 7, 8, 2, 296, 3, 3, 87, 145, 92, 111, 8, 13, 375, 45, 3, 10, 40, 11, 8, 61, 85, 11, 35, 76, 13, 72, 69, 6, 30, 10, 40, 14, 1, 8, 11, 46, 14, 1, 181, 14, 1, 106, 3, 1, 75, 15, 14, 9, 10, 26, 52, 9, 1, 9, 22, 74, 3, 3, 28, 82, 175, 14, 7, 1, 7, 24, 11, 3, 3, 9, 22, 13, 278, 85, 25, 91, 21, 25, 8, 15, 146, 35, 12, 2, 17, 34, 41, 28, 249, 152, 38, 22, 26, 9, 1, 18, 3, 2, 2, 7, 14]",3490.399929174775,13,US,"{'username': 'uwi', 'profile': {'countryName': 'Japan'}}"
"[31, 9, 22, 41, 11380, 159, 2116, 21, 7, 5, 15, 216, 252, 50, 3, 6, 10, 318, 25, 3, 510, 29, 15, 26, 342, 1, 10, 26, 1, 32, 1, 12, 35, 4, 5, 4, 22, 29, 1, 1, 5, 285, 2, 3, 45, 6, 21, 98, 2, 12, 5182, 5, 8, 12, 4, 3, 3, 45]",3483.996,14,US,"{'username': 'dnialh', 'profile': {'countryName': None}}"
"[208, 137, 359, 780, 215, 308, 359, 668, 87, 262, 91, 187, 316, 228, 434, 106, 45, 421, 110, 419, 84, 381, 317, 21, 124, 121, 789, 54, 117, 761, 384, 170, 39, 150, 116, 172, 130, 220, 1273, 37, 116, 16, 152, 45, 71, 386, 46, 73, 229, 85, 23, 32, 80, 586, 57, 22, 197, 72, 15, 402, 11, 1901, 74, 20, 78, 45, 91, 164, 23, 44, 133, 77, 53, 255, 12, 58, 29, 15, 55, 112, 244, 157, 419, 38, 22, 107, 32, 24, 55, 30, 392, 28, 2, 157, 141, 204, 27, 246, 10, 172, 65, 44, 16, 2, 136, 71, 113, 79, 13, 19, 10, 17, 16, 155, 24, 24, 64, 19, 2, 130, 6, 20, 42, 40, 17, 193, 146, 106, 3, 10, 26, 17, 43, 6, 13, 33, 3, 6, 363, 7, 12, 19, 304, 5, 212, 20, 225, 25, 1, 7, 87, 6, 1, 29, 3, 57, 6, 1, 16, 8, 5, 22, 51, 18, 50, 7, 896, 84, 11, 17, 10, 12, 3257, 35, 4, 2, 11, 4, 70, 3, 25, 7, 2, 2, 9, 31, 2, 10, 58, 5, 12, 13, 43, 1, 18, 28, 42, 4, 22, 21, 1, 8, 3, 2, 30, 2, 32, 16, 5, 38, 7, 21, 7, 10, 3, 12, 32, 9, 26, 43, 6, 5, 14, 11, 22, 2, 30, 31, 5, 7, 5, 4, 11, 11, 3, 5, 2, 4, 7, 9, 45, 49, 33, 29, 28, 10, 10, 24, 3, 1731, 7, 3, 5, 3]",3471.487289120698,15,CN,"{'username': 'Carefreejs', 'profile': {'countryName': ''}}"
"[344, 202, 80, 2, 21, 4, 1, 1591, 3, 72, 2, 4, 4, 5, 23, 211, 3, 1, 23, 47, 2, 1, 71, 37, 2, 1, 18, 30, 21, 1]",3465.9395323734766,16,CN,"{'username': 'HazemAllaham', 'profile': {'countryName': ''}}"
"[6, 810, 179, 4, 249, 13, 44, 1, 38, 278, 9, 27, 1, 32, 8, 16, 5, 30, 7, 1, 8, 5, 2, 7, 37, 416, 17, 14, 2972, 7, 6, 4, 5, 2, 1, 50, 12, 8, 6, 9, 50, 12, 127, 22, 19, 34, 2, 14, 1, 43, 22, 52, 34, 422, 2, 28, 171, 4, 12, 14, 34, 74, 1, 5, 13]",3453.15,17,US,"{'username': 'fmota', 'profile': {'countryName': 'Brazil'}}"
"[76, 25, 39, 11, 4, 53, 5, 64, 21, 7, 19, 19, 17, 1, 32, 43, 191, 10, 13, 145, 29, 2, 87, 4, 34, 38, 32, 11, 121, 226, 29, 19, 31, 256, 5, 8, 16, 13, 1, 5]",3443.203,18,US,"{'username': 'pandaforever', 'profile': {'countryName': None}}"
"[198, 1, 1, 1, 1759, 119, 12, 1, 22, 7, 21, 1, 2, 18, 6, 1, 106, 1, 19, 12, 8, 10, 1, 4, 6, 1, 38, 217, 1, 1, 14, 1, 1, 14, 1, 6, 14, 12, 1, 163, 13, 1, 3, 16, 22, 536, 23, 11, 11, 77, 5, 1]",3425.997,19,US,"{'username': 'xiaowuc1', 'profile': {'countryName': 'United States'}}"
"[49, 15, 222, 59, 38, 80, 14, 43, 184, 72, 44, 25, 32, 16, 4, 4, 4, 92, 7, 89, 9, 10, 30, 10, 9, 25, 13, 49, 125, 6, 118, 21, 5, 97, 337, 161, 28, 117, 155, 49, 42, 62, 56, 10, 11, 6, 19, 15, 90, 24, 20, 177, 41, 44, 16, 39, 13, 100, 32, 20, 5, 15, 22, 37, 11, 31, 442, 10, 37, 10, 2, 11, 118, 8, 49, 140, 284, 17, 13, 84, 61, 8, 46, 113, 58, 100, 79, 19, 113, 53, 10, 153, 35, 46, 106, 184, 47, 16, 92, 44, 34, 38, 12, 31, 72, 7, 59, 9, 19, 78, 15, 14, 110, 7, 45, 73, 24, 31, 25, 8, 14, 16, 4, 8, 10, 190, 9, 71, 19, 29, 36, 73, 14, 16, 31, 49, 261, 6, 122, 11, 11, 15, 32, 23, 137, 124, 32, 42, 57, 12, 187, 54, 53, 9, 40, 10, 235, 64, 95, 91, 242, 13, 88, 28, 18, 205, 121, 55, 9, 11, 67, 16, 8, 67, 28, 13, 137, 238, 15, 25, 35, 43, 22, 24, 506, 512, 49, 58, 22, 22, 25, 36, 8, 6, 9, 112, 39, 54, 8, 38, 52, 33, 18, 1, 40, 65, 4, 39, 15, 11, 3, 5, 17, 19, 9, 4, 72, 1, 14, 14, 5, 205, 3, 14, 7, 18, 44, 1, 5, 74, 28, 4, 15, 2, 4, 4, 19, 7, 17, 18, 54]",3420.0648070377842,20,CN,"{'username': 'cbesalke', 'profile': {'countryName': ''}}"
"[108, 35, 189, 32, 36, 8, 38, 27, 68, 11, 54, 42, 12, 6, 8, 3, 5, 13, 25, 4, 20, 7, 43, 49, 2, 44, 35, 5, 5, 10, 3, 179, 22, 14, 16, 13, 10, 7, 4, 5, 3, 11, 61, 16, 4, 8, 11, 4, 4, 30, 54, 80, 18, 81, 24, 4, 80, 4, 5, 26, 51, 14, 50, 6, 25, 27, 10, 2, 7, 10, 10, 41, 2, 4, 67, 3, 692, 2, 19, 37, 14, 3, 14, 5, 6, 9, 41, 19, 6, 22, 2, 15, 3, 243, 31, 8, 5, 4, 11, 17, 12, 6, 1, 341, 11, 35, 31, 112, 15, 16, 2, 3, 81, 2, 8, 9, 5, 2, 3, 5, 25, 6, 99, 10, 117, 21, 4, 2, 22, 15, 15, 6, 211, 74, 63, 4, 16, 7, 9, 3, 13, 134, 3, 97, 6, 9, 104, 34, 20, 1, 20, 46, 6, 14, 2, 55, 13, 32, 30, 27, 20, 4, 80, 2, 21, 10, 193, 12, 26, 3, 108, 33, 317, 6, 153, 9, 96, 55, 20, 35, 4, 7, 97, 15, 24, 12, 219, 85, 21, 3, 23, 65, 5, 5, 56, 112, 12, 68, 2, 73, 126, 40, 349, 10, 71, 16, 21, 2, 88, 14, 8, 9, 12, 14, 14, 60, 11, 179, 5, 15, 24, 21, 10, 427, 25, 30, 5, 15, 284, 4, 43, 44, 5, 51, 16, 20, 3, 27, 87, 37, 31, 16, 72, 47, 5, 11, 10, 46, 63, 42, 7, 13, 45, 11, 6, 13, 36, 15, 3, 142, 18, 16, 8, 58, 12, 31, 101, 161, 23, 11, 19, 319, 11, 18, 24, 35, 3, 5, 12, 5, 47, 7, 9, 9, 11]",3416.8420075237727,21,US,"{'username': 'LayCurse', 'profile': {'countryName': 'Japan'}}"
"[29, 1, 3, 11, 13, 6, 34, 2, 1, 3, 10, 7, 8, 13, 2, 7, 27, 5, 3, 5, 5, 10, 28, 4, 19, 12, 9, 25, 6, 53, 16, 5, 1, 5, 1, 56, 13, 13, 39]",3406.361,22,CN,"{'username': 'Nahin_Imtiaz', 'profile': {'countryName': '中国'}}"
"[136, 259, 313, 209, 293, 715, 116, 249, 547, 206, 389, 172, 1133, 346, 709, 799, 229, 887, 65, 1024, 1017, 160, 639, 1810, 57, 517, 145, 148, 256, 25, 334, 1989, 123, 6, 179, 326, 45, 3, 19, 75, 4, 266, 1, 37, 1432, 42, 1, 20, 100, 272, 1, 11, 43, 2, 8, 308, 10, 2, 322, 568, 32, 110, 4, 4, 1, 3, 39, 1, 1, 210, 1, 25, 3, 2096, 5, 157, 3, 49, 1, 44, 24, 6]",3401.816,23,US,"{'username': 'qeetcode', 'profile': {'countryName': 'United States'}}"
"[37, 4973, 11387, 18, 45, 49, 85, 7, 1, 36, 110, 3, 11, 4, 12, 233, 26, 110, 110, 31, 1, 187, 44, 37, 16, 51, 5, 8, 26, 31, 1, 1, 51, 8, 24, 243, 2012, 113, 2, 58, 36, 3, 67, 9, 38, 81, 43, 3, 48, 2, 198, 17, 72, 5, 30, 14, 3, 14, 198, 51, 26, 11, 14, 4, 4, 239, 49, 11, 312, 86, 9, 2, 1]",3388.898,24,CN,"{'username': 'Shandse40', 'profile': {'countryName': '中国'}}"
"[530, 196, 45, 3, 8, 14, 250, 26, 10, 3, 96, 1, 3, 4, 3, 3, 66, 11, 6, 100, 6, 4, 58, 2]",3365.111,25,US,"{'username': 'wwwwodddd', 'profile': {'countryName': 'Hong Kong'}}"
"[652, 2090, 948, 1116, 280, 385, 232, 2159, 587, 371, 201, 128, 638, 24, 43, 108, 1, 41, 212, 66, 3, 2, 126, 1992, 1219, 20, 1637, 1, 38, 48, 41, 5, 9, 192, 95, 109, 47, 136, 14, 21, 59, 663, 27, 9, 58, 78, 1, 139, 15, 25, 8, 47, 162, 24, 1, 72, 48, 16, 67, 7, 28, 154, 52, 12, 35, 81, 1, 32, 6, 419, 46, 30, 94, 1, 19, 134, 17, 9, 19, 13, 21, 14, 60, 1, 1, 18, 9, 48, 7, 118, 5, 77, 7, 9, 7, 1, 50, 57, 20, 12, 1, 2, 45, 2, 10, 52, 5, 89, 3, 21, 24, 15, 1, 83, 67, 52, 5, 44, 2, 5, 21]",3357.485,26,CN,"{'username': 'TheWander', 'profile': {'countryName': ''}}"
"[76, 68, 773, 286, 1275, 112, 2369, 154, 22, 5, 110, 63, 138, 142, 923, 31, 23, 205, 68, 32, 136, 18, 165, 81, 10, 355, 44, 73, 88, 163, 276, 224, 111, 78, 225, 109, 2, 21, 7, 6, 11, 110, 27, 9, 64, 8, 5, 17, 62, 117, 59, 10, 17, 12, 42, 2, 61, 16, 4, 56]",3353.933,27,US,"{'username': '_kevinyang', 'profile': {'countryName': 'Canada'}}"
"[53, 23, 19, 39, 30, 39, 30, 13, 133, 19, 28, 95, 17, 12, 69, 19, 235, 27, 150, 316, 109, 51, 42, 10, 39, 11, 45, 13, 48, 136, 32, 64, 15, 57, 7, 7, 374, 55, 36, 217, 155, 82, 10, 489, 35, 1, 55, 38, 88, 374, 6, 241, 74, 77, 196, 8, 11, 30, 2, 288, 12, 34, 46, 15, 63, 14, 47, 21, 453, 94, 35, 6, 65, 34, 7, 46, 37, 13, 27, 52, 5, 127, 73, 6, 61, 23, 9, 126, 56, 2, 34, 62, 14, 31, 28, 83, 3, 100, 42, 7, 50, 51, 9, 18, 86, 210, 15, 33, 6, 50, 21, 5, 24, 67, 3, 158, 7, 9, 32, 259, 40, 47, 65, 44, 5, 9, 218, 118, 288, 26, 47, 71, 325, 17, 119, 324, 299, 74, 51, 137, 22, 28, 9, 60, 16, 13, 50, 25, 6, 6, 281, 7, 325, 97, 218, 10, 12, 13, 4, 13, 10, 64, 251, 11, 38, 48, 23, 28, 67, 7, 29, 14, 283, 19, 190, 81, 23, 3, 57, 17, 7, 13, 2]",3344.044,28,US,"{'username': 'emthrm', 'profile': {'countryName': 'Japan'}}"
"[48, 534, 128, 54, 289, 30, 33, 168, 137, 162, 81, 63, 9, 21, 125, 206, 870, 108, 177, 233, 11039, 102, 574, 92, 104, 16, 204, 40, 113, 429, 11, 54, 242, 128, 205, 72, 142, 22, 167, 37, 142, 88, 10, 200, 121, 41, 539, 143, 25, 66, 25, 539, 45, 62, 332, 25, 154, 12, 85, 147, 7, 409, 251, 46, 21, 101, 189, 39, 1797, 129, 33, 40, 82, 778, 29, 26, 176, 14, 63, 61, 32, 437, 2295, 64, 56, 17, 1, 40, 2, 8, 8, 2, 53, 24, 10, 27, 85, 8, 1, 40, 4, 41, 36, 22, 7, 15, 12, 45, 7, 59, 3, 3, 3, 42, 5, 14, 1365, 84, 29, 3, 5, 2, 1, 5, 409, 8, 24, 13, 58, 2, 24, 18, 19, 4, 16, 4, 20, 3, 4, 13, 7, 20, 4, 4, 12, 22, 21, 12, 8, 7, 13, 15, 5, 18, 2, 18, 7, 7, 13, 2, 1, 24, 17, 7, 4, 4, 14, 5, 22, 23, 36, 34, 35, 34, 35, 12, 158, 3, 2, 23, 2, 9, 10, 59, 6, 34, 3, 25, 13, 10, 16, 11, 10, 6, 12, 4, 13, 21, 27, 3, 21, 16, 295, 5, 3, 10, 7, 20, 15, 4, 2, 3, 3, 12, 1, 384, 9, 23, 7, 17, 10, 20, 18, 34, 5, 20, 8, 5, 14, 11, 5, 4, 17, 3, 12, 14, 12, 2, 1, 9, 3, 817, 12, 22, 10, 3216, 10, 31, 9, 21]",3343.379,29,CN,"{'username': 'MisterSoandSo', 'profile': {'countryName': ''}}"
"[45, 66, 39, 78, 135, 16, 34, 100, 37, 274, 254, 180, 17, 17, 471, 84, 28, 14, 4, 50, 100, 138, 90, 42, 59, 121, 314, 214, 463, 3, 14, 260, 23, 263, 117, 45, 84, 460, 159, 64, 16, 303, 18, 34, 9, 74, 494, 479, 74, 97, 27, 66, 6, 22, 17, 110, 8, 64, 1, 23, 633, 14, 78, 17, 70, 9, 220, 52, 3, 59, 8, 82, 88, 57, 17, 12, 23, 11, 13, 4, 130, 93, 18, 20, 165, 5, 57, 81, 101, 45, 36, 5, 85, 749, 29, 8, 310, 63, 70, 68, 3, 3, 106, 80, 32, 98, 20, 10, 1, 26, 31, 75, 23, 13, 1, 3, 94, 114, 11, 8, 40, 36, 25, 8, 8, 10, 7, 104]",3328.122844128604,30,CN,"{'username': 'nek23', 'profile': {'countryName': ''}}"
"[1335, 275, 1793, 22, 33, 103, 2, 36, 189, 91, 3, 32, 114, 6, 25, 8, 22, 5, 10, 11, 2335, 28, 17, 27, 710, 3, 17, 48, 5, 2]",3324.107,31,US,"{'username': 'dong_liu', 'profile': {'countryName': None}}"
"[2201, 1709, 2230, 70, 503, 305, 160, 926, 298, 267, 7433, 66, 969, 54, 620, 22, 371, 81, 1043, 166, 1203, 136, 892, 21, 158, 312, 98, 12, 109, 184, 276, 3722, 158, 351, 31, 80, 91, 71, 69, 158, 204, 57, 177, 240, 112, 111, 178, 41, 101, 37, 12, 103, 45, 79, 16, 75, 16, 5, 99, 11, 85, 265, 31, 102, 13, 38, 38, 60, 99, 60, 147, 33, 49, 210, 25, 36, 52, 231, 71, 22, 8, 84, 82, 73, 114, 453, 37, 274, 36, 74, 256, 108, 32, 53, 32, 219, 99, 665, 115, 43, 122, 86, 7, 65, 238, 91, 84, 149, 82, 202, 47, 124, 185, 52, 36, 50, 198, 389, 219, 155, 22, 22, 37, 20, 75, 23, 139, 61, 219, 552, 27, 317, 15, 637, 16, 56, 330, 284, 28, 36, 29, 23, 68, 9, 12, 24, 18, 369, 448, 29, 41, 22, 79, 77, 23, 194, 86, 14, 55, 1163, 15, 10, 47, 167, 11, 11, 33, 13, 10, 98, 16, 47, 124, 2, 44, 3, 19, 3]",3323.774090494792,32,US,"{'username': 'Kude', 'profile': {'countryName': 'Japan'}}"
"[40, 263, 24, 2, 165, 72, 1, 2, 13, 138, 68, 551, 11, 1, 12, 11, 414, 16, 4, 2, 36, 64, 3, 33, 54, 319, 2, 550, 6, 34, 43, 847, 85, 8, 436, 3, 15, 62, 10, 8, 6, 8, 35, 5, 74, 17, 316, 58, 3, 155, 1, 7, 222, 5, 34, 6, 4, 4, 8, 20, 1, 1, 693, 4, 1, 6076, 9, 17, 45, 15, 36, 19, 4, 3, 4, 38, 16, 4, 7, 4, 18, 80, 54, 41, 84, 10, 16, 10, 18, 8, 3, 21, 11, 17, 70, 72, 8, 55, 4, 7, 2, 18, 13, 15, 148, 88, 20, 3, 4, 219, 3, 162, 304, 15, 10, 97, 1, 18, 7, 4, 15, 98, 31, 3, 535, 16, 24, 7, 132, 309, 47, 3795, 1982, 13, 55, 12, 10, 110, 5, 4, 151, 135, 60, 98, 65, 4, 133, 2, 42, 153, 7, 2, 125, 96, 15, 30, 37, 32, 208, 44, 52, 68, 1, 11, 4, 18, 5, 20, 60, 2, 1, 23, 11, 37, 2, 75, 1, 1, 1, 231, 6, 1, 25, 7, 39, 28, 2, 13, 22, 105, 31, 47, 14, 152, 91, 78, 1, 11, 14, 47, 1, 28, 55, 68, 4, 268, 2, 14, 104, 14, 224, 27, 22, 31, 13, 23, 26, 13, 13, 18, 2, 19, 73, 44, 44, 32, 50, 97, 34, 39, 52, 8, 2]",3322.758173751024,33,US,"{'username': 'hank55663', 'profile': {'countryName': 'Taiwan'}}"
"[1594, 825, 1304, 55, 218, 198, 103, 404, 190, 311, 31, 105, 128, 852, 60, 188, 288, 6, 301, 17, 137, 138, 32, 13, 43, 74, 286, 28, 347, 20, 49, 62, 399, 18, 6, 3, 22, 361, 35, 105, 29, 112, 7, 14, 126, 13, 952, 144, 1, 2, 25, 5, 1487, 1, 63, 38, 56, 20, 28, 25, 78, 3, 2, 47, 6, 120, 2, 41, 4, 17, 5, 110, 13, 572, 6, 12, 47, 129, 7, 35, 41, 23, 12, 1, 45, 16, 26, 2, 19, 3, 107, 32, 1, 30, 707, 10, 7, 30, 24, 17, 76]",3322.255,34,US,"{'username': 'penguinhacker', 'profile': {'countryName': None}}"
"[111, 205, 329, 77, 564, 30, 47, 100, 4476, 329, 129, 998, 261, 625, 307, 140, 99, 513, 4459, 43, 638, 2487, 217, 105, 857, 94, 22, 1016, 124, 630, 804, 21, 194, 250, 549, 130, 75, 144, 617, 793, 90, 179, 254, 274, 1161, 747, 172, 1334, 142, 4158, 96, 922, 176, 67, 352, 892, 96, 477, 660, 192, 225, 79, 231, 316, 1792, 141, 282, 104, 461, 266, 42, 282, 158, 117, 457, 116, 599, 151, 315, 260, 164, 466, 251, 164, 203, 1029, 282, 105, 23, 16, 40, 388, 290, 105, 1674, 94, 103, 165, 69, 164, 92, 389, 267, 58, 167, 294, 517, 151, 16, 98, 129, 58, 77, 121, 47, 596, 323, 84, 7, 70, 97, 313, 48, 159, 756, 10, 37, 69, 43, 51, 305, 82, 224, 176, 153, 804, 64, 196, 46, 262, 67, 52, 176, 7, 40, 46, 234, 31, 66, 30, 36, 34, 69, 63, 197, 87, 16, 388, 5, 501, 516, 96, 513, 130, 19, 295, 4468, 9, 93, 83, 109, 27, 953, 17, 22, 8, 66, 5, 82, 233, 11, 12, 88, 11, 14, 264, 2, 61, 13, 16, 17, 17, 300, 83, 29, 46, 25, 5, 7, 9, 3]",3321.355,35,CN,"{'username': 'zeusmx', 'profile': {'countryName': '中国'}}"
"[33, 16, 73, 61, 25, 108, 11, 17, 144, 3, 2, 21, 6, 3, 3, 58, 57, 8, 318, 8, 8, 39, 1, 590, 5, 66, 16, 1]",3320.449,36,US,"{'username': 'thenymphsofdelphi', 'profile': {'countryName': 'Vietnam'}}"
"[1456, 3591, 7488, 5291, 2421, 2630, 3815, 2534, 2814, 831, 4857, 2395, 2533, 1474, 1616, 4223, 883, 623, 2711, 1912, 1350, 1211, 1511, 1476, 697, 1794, 1471, 2345, 1563, 2014, 1267, 1505, 880, 2222, 4049, 1740, 1872, 267, 4717, 450, 770, 436, 1719, 1470, 824, 680, 1051, 513, 887, 474, 565, 972, 513, 2198, 495, 1655, 976, 2241, 939, 1020, 506, 752, 1148, 228, 897, 550, 151, 80, 85, 980, 292, 5148, 1190, 192, 48, 12, 265, 95, 15, 18, 49, 26, 73, 26, 748, 19, 29, 31, 3273, 16, 398, 1, 106, 41, 40, 19, 40, 3, 9, 48, 181, 14, 3, 15, 21, 3, 424, 2]",3313.144,37,US,"{'username': 'usephysics', 'profile': {'countryName': 'United States'}}"
"[40, 73, 96, 44, 50, 5, 5, 5, 1, 2, 13, 23, 4, 20, 248, 3, 2, 2, 1, 2, 139, 1, 5, 23, 4, 13, 1, 18, 1, 7, 17]",3312.286,38,US,"{'username': 'tmwilliamlin168', 'profile': {'countryName': 'Taiwan'}}"
"[85, 67, 313, 84, 19, 98, 137, 61, 300, 209, 318, 498, 259, 62, 375, 43, 1015, 193, 8, 221, 211, 6, 41, 22, 36, 1, 36, 36, 19, 12, 11, 1368, 28, 253, 198, 34, 286, 3, 37, 82, 1376, 10, 16, 6, 132, 6, 344, 116, 12, 14, 19, 39, 57, 291, 9, 2, 4, 42, 4, 28, 21, 29, 30]",3299.177,39,US,"{'username': 'physics0523', 'profile': {'countryName': 'Japan'}}"
"[276, 25, 58, 4728, 84, 176, 31, 42, 15, 2257, 97, 115, 304, 35, 44, 33, 294, 20, 11, 102, 180, 206, 3, 21, 22, 44, 18, 15, 1157, 224, 135, 51, 10, 559, 278, 20, 5, 9, 82, 77, 687, 9, 38, 51, 41, 25, 9, 47, 18, 13, 31, 234, 8, 50, 492, 69, 10, 148, 5, 1958, 18, 16, 53, 31, 1153, 142, 15, 29, 22, 91, 103, 165, 14, 54, 13, 84, 41, 75, 16, 47, 1022, 20, 69, 14, 7, 9, 27, 27, 514, 61, 24, 1, 33, 11, 4]",3299.0834263582797,40,CN,"{'username': 'user8991p', 'profile': {'countryName': ''}}"
"[2119, 1146, 233, 357, 1676, 704, 1146, 723, 1154, 854, 72, 2966, 1455, 262, 981, 2477, 2748, 758, 1532, 1228, 653, 512, 2745, 629, 1678, 1112, 586, 110, 357, 1894, 826, 1257, 1043, 595, 978, 523, 725, 2920, 295, 360, 681, 499, 53, 1718, 1803, 206, 4914, 1013, 393, 580, 118, 1787, 263, 519, 211, 969, 312, 207, 1234, 156, 156, 2486, 234, 103, 47, 69, 21, 520, 274, 228, 192, 476, 152, 291, 102, 133, 605, 85, 102, 216, 83, 139, 392, 175, 181, 172, 433, 629, 420, 63, 482, 304, 32, 472, 213, 290, 374, 998, 242, 198, 431, 147, 27, 155, 379, 452, 413, 33, 465, 526, 93, 188, 93, 35, 264, 626, 307, 344, 73, 41, 590, 395, 75, 370, 247, 9, 508, 103, 115, 305, 59, 116, 168, 751, 45, 53, 92, 36, 34, 72, 19, 222, 402, 20, 1006, 921, 60, 169, 40, 26, 180, 151, 245, 22, 87, 51, 46, 89, 38, 51, 15, 26, 142, 22, 33, 405, 46, 36, 32, 1010, 30, 594, 80, 15, 162, 10, 321, 19, 143, 15, 9, 167, 250, 188, 93, 23, 388, 15, 85, 32, 512, 4, 33, 13, 28, 91, 15, 159, 13, 117, 170, 17, 33, 372, 201, 248, 88, 368, 41, 8, 43, 1131, 83, 79, 193, 17, 34, 16, 12, 14, 38, 131, 13, 25, 188, 39, 10, 97, 397, 4, 71, 93, 35, 18, 56, 29, 842, 28, 13, 19, 119, 327, 5, 28, 7, 237, 197, 141, 25, 10, 84, 27, 152, 52, 18, 226, 212, 119, 74, 188, 37, 7, 3, 183, 19, 29, 59, 62, 40, 38, 156, 15, 12, 265, 34, 18, 280, 14, 12, 64, 19, 175, 42, 13, 57, 38, 280, 32, 47, 57, 137, 10, 228, 13, 155, 46, 206, 15, 23, 20, 62, 178, 284, 37, 7, 8, 49, 167, 125, 88, 41, 15, 67, 13, 7, 79, 25, 6, 36, 2, 13]",3288.252878338263,41,US,"{'username': 'DylanSmith', 'profile': {'countryName': 'United States'}}"
"[197, 410, 73, 17, 191, 19, 28, 82, 9, 82, 17, 11, 26, 22, 24, 17, 10, 2, 4, 39, 6, 39, 16, 9, 18, 669, 2]",3274.685,42,CN,"{'username': 'satyajeetramnit2708', 'profile': {'countryName': '中国'}}"
"[308, 40, 56, 69, 93, 902, 19, 230, 51, 323, 112, 244, 83, 20, 83, 203, 37, 140, 233, 315, 109, 131, 156, 67, 27, 9, 91, 289, 44, 17, 9, 10, 36, 149, 172, 23, 121, 13, 151, 59, 84, 3990, 116, 73, 53, 135, 122, 14, 17, 12, 138, 106, 20, 11, 40, 264, 157, 27, 3, 77, 45, 235, 528, 289, 43, 63, 8, 24, 45, 7, 352, 42, 30, 12, 61, 54, 17, 5, 4, 123, 68, 89, 7, 9, 14, 3, 47, 119, 6, 3, 56, 35, 4, 3, 473, 122, 40, 16, 3, 6]",3271.938,43,CN,"{'username': 'bucker', 'profile': {'countryName': '中国'}}"
"[38, 1, 2, 4, 54, 8, 9, 3, 71, 26, 2, 41, 99, 1, 10, 4, 158, 6, 37, 5, 104, 9, 1940, 2, 5, 30, 16, 9, 85, 9, 12, 67]",3266.122379466448,44,CN,"{'username': 'mohfadhil', 'profile': {'countryName': '中国'}}"
"[27, 6, 36, 10, 11, 2, 60, 3, 2, 2, 10, 60, 35, 17, 10, 5, 3, 24, 15, 5, 123, 13, 5, 24, 6, 20, 40, 2, 10, 56, 15, 42, 4, 9, 2, 1, 5, 2, 6, 6, 3, 2, 6, 13, 18, 19, 10, 14, 15, 34, 25, 10, 26, 17, 2, 15, 11, 10, 92, 24, 63, 49, 6, 15, 47, 9, 2, 84, 15, 4, 13, 32, 2, 3, 18, 36, 57, 41, 8, 5, 3, 4, 4, 21, 22, 33, 17, 3, 6, 17, 6, 2, 10, 3, 39, 6, 82, 6, 68, 20, 27, 5, 10, 3, 9, 5, 20, 4, 31, 58, 37, 6, 7, 64, 10, 167, 18, 93, 10, 5, 43, 72, 38, 4, 26, 30, 11, 12, 7, 12, 13, 124, 3, 108, 92, 113, 13, 42, 74, 32, 13, 19, 21, 8, 5, 2, 15, 56, 32, 19, 48, 5, 54, 64, 6, 27, 17, 3, 19, 23, 1, 244, 14, 49, 123, 6, 14, 13, 3, 12, 11, 10, 2, 57, 11, 10, 78, 34, 74, 14, 561, 4, 9, 179, 4, 14, 60, 83, 33, 187, 13, 36, 13, 161, 76, 72, 40, 52, 131, 230, 27, 223, 14, 6, 55, 25, 8, 11, 32, 241, 41, 67, 36, 21, 39, 16, 5, 15, 45, 12, 22, 14, 45, 28, 5, 4, 8, 3, 102, 243, 47, 45, 20, 9, 140, 35, 6, 9, 11, 154, 6, 8, 14, 809, 36, 72, 11, 25, 18]",3265.907,45,US,"{'username': 'natsugiri', 'profile': {'countryName': 'Japan'}}"
"[84, 5, 39, 52, 1, 13, 13, 9, 14, 42, 70, 13, 62, 56, 9, 66, 23, 14, 121, 7, 2, 17, 3, 57, 15, 52, 6, 118, 386, 84, 108, 17, 16, 137, 2, 6, 44, 41, 68, 29, 18, 39]",3259.7137988539876,46,US,"{'username': 'waakaaka', 'profile': {'countryName': 'United States'}}"
"[196, 4, 1889, 40, 17, 93, 337, 117, 8, 54, 263, 4, 18, 10, 114, 55, 1, 8, 379, 35, 1, 7, 22, 79, 30, 97, 17, 42, 24, 398, 8, 73, 164, 19, 31, 15, 62, 11, 36, 18, 24, 37, 19, 50, 11, 21, 13, 10, 40, 5, 667, 10, 80, 4, 9, 2]",3253.248,47,CN,"{'username': 'manohar.morthala', 'profile': {'countryName': ''}}"
"[69, 305, 281, 55, 74, 20, 117, 9, 56, 606, 8, 42, 310, 19, 27, 11, 214, 11, 46, 526, 32, 14, 6252, 40, 100, 71, 5152, 338, 352, 3, 4, 212, 36, 199, 60, 14, 7948, 46, 11, 8082, 92, 11, 27, 74, 203, 157, 10, 4, 137, 6, 23, 116, 6, 109, 77, 24, 18, 2, 7, 18, 56, 14]",3246.403,48,US,"{'username': 'tabr', 'profile': {'countryName': 'Japan'}}"
"[7990, 444, 364, 347, 160, 273, 59, 261, 450, 241, 1873, 257, 494, 221, 155, 63, 834, 99, 224, 43, 317, 1383, 585, 210, 66, 17, 103, 714, 52, 1022, 80, 52, 144, 615, 160, 350, 112, 506, 241, 133, 111, 615, 634, 347, 165, 59, 406, 135, 18, 211, 7, 1043, 213, 185, 173, 61, 41, 32, 410, 27, 144, 36, 56, 46, 32, 21, 407, 33, 27, 360, 280, 213, 62, 78, 318, 24, 506, 104, 25, 20, 20, 46, 171, 332, 41, 11, 66, 48, 109, 96, 10, 12, 44, 34, 37, 188, 106, 34, 43, 276, 46, 53, 433, 360, 39, 8, 160, 66, 124, 556, 17, 187, 21, 39, 16, 60, 115, 98, 136, 10, 61, 109, 267, 19, 21, 57, 239, 9, 12, 134, 25, 558, 32, 407, 17, 62, 42, 49, 60, 230, 11, 21, 26, 32, 228, 146, 48, 29, 65, 6, 77, 232, 34, 5, 53, 16, 42, 59, 245, 38, 164, 37, 299, 289, 92, 27, 116, 48, 59, 45, 48, 7, 4, 17, 115, 25, 2, 37, 28, 10]",3242.2504358995225,49,CN,"{'username': 'yeongmoj94', 'profile': {'countryName': ''}}"
"[44, 12, 63, 5, 45, 8, 25, 86, 131, 10, 9, 14, 17, 16, 19, 18, 14, 9, 2, 23, 25, 9, 2, 12, 3, 25, 66, 1, 6, 10, 27, 144, 281, 218, 3, 25, 3, 2, 53, 7, 31, 7, 555, 10, 45, 93, 384, 1, 33, 5, 88, 14, 36, 16, 44, 12, 317, 14, 157, 3, 24, 8, 4, 15, 7, 10, 84, 13, 2, 9, 3, 30, 13, 53, 15, 11, 11, 29, 19, 7, 14, 15, 1, 1, 17, 112, 92, 25, 9, 98]",3237.564,50,US,"{'username': 'hitonanode', 'profile': {'countryName': 'Japan'}}"
"[147, 115, 106, 36, 211, 74, 54, 71, 108, 412, 57, 65, 113, 30, 209, 916, 126, 63, 36, 8, 20, 21, 22, 21, 24, 17, 55, 5, 12, 55, 10, 25, 17]",3225.4561630692333,51,CN,"{'username': 'user9068ZB', 'profile': {'countryName': ''}}"
"[415, 219, 110, 1005, 464, 88, 3, 3, 29, 13, 63, 7, 247, 6, 61, 89, 52, 2, 42, 35, 5, 3, 4, 29, 53, 4, 100, 6, 44]",3224.907,52,US,"{'username': 'bucketpotato', 'profile': {'countryName': 'United States'}}"
"[1397, 15, 44, 51, 723, 533, 65, 335, 321, 292, 122, 626, 101, 627, 76, 281, 265, 197, 125, 38, 112, 203, 85, 489, 88, 180, 207, 264, 111, 46, 1794, 117, 77, 116, 331, 119, 40, 72, 407, 237, 161, 140, 211, 121, 243, 267, 1068, 87, 91, 363, 53, 1592, 126, 219, 8, 93, 158, 607, 215, 89, 165, 715, 214, 312, 799, 109, 324, 234, 31, 95, 282, 1551, 61, 287, 240, 24, 113, 296, 124, 415, 40, 3173, 146, 215, 57, 139, 528, 165, 94, 198, 119, 9, 377, 597, 198, 211, 192, 297, 209, 79, 533, 32, 48, 102, 17, 74, 758, 2850, 139, 115, 716, 338, 203, 533, 304, 112, 159, 276, 34, 162, 81, 94, 54, 4, 5, 176, 114, 89, 123, 15, 101, 11, 24, 128, 4, 2, 11, 22, 30]",3222.663,53,US,"{'username': 'Aging', 'profile': {'countryName': 'China'}}"
"[29, 89, 40, 35, 44, 24, 238, 87, 3333, 31, 17, 12, 27, 61, 98, 136, 29, 21, 53, 11, 135, 53, 54, 21, 123, 9, 30, 10, 5, 248, 50, 9, 40, 207, 15, 97, 25, 34, 141, 41, 25, 24, 150, 64, 112, 135, 252, 163, 35, 52, 19, 227, 64, 50, 66, 15, 55, 103, 9, 122, 11, 33, 11, 119, 26, 7, 12, 3, 3, 11, 13, 58, 9, 5, 71, 74, 76, 225]",3217.72,54,US,"{'username': 'rfpermen', 'profile': {'countryName': 'Indonesia'}}"
"[5, 159, 2340, 315, 227, 67, 29, 157, 9, 113, 87, 40, 221, 46, 17, 1, 280, 5, 879, 33, 70, 98, 17, 13, 46, 7, 39, 81, 75, 35, 245, 674, 85, 8, 5, 8, 107, 2, 173, 40, 3, 34, 45, 11, 14, 22, 79, 6, 11, 1, 3, 22, 8, 13, 19, 2, 83, 17, 33, 35, 15, 16, 4, 36, 37, 376, 43, 62, 28, 235, 8, 58, 5, 19, 276, 51, 180, 57, 85, 37, 27, 61, 2, 117, 5, 18, 88, 321, 228, 50, 53, 47, 57, 16, 6, 2, 50, 45, 100, 25, 82, 23, 288, 164, 59, 70, 83, 36, 44, 16, 34, 400, 1, 1, 5, 116, 222, 39, 163, 19, 83, 17, 170, 70, 3, 16]",3212.0372236719954,55,US,"{'username': 'AntonRaichuk', 'profile': {'countryName': 'Ukraine'}}"
"[5511, 10183, 51, 985, 194, 38, 46, 352, 731, 404, 119, 148, 376, 27, 70, 324, 97, 185, 38, 23, 208, 370, 7, 40, 188, 32, 21, 19, 171, 306, 126, 28, 143, 1346, 83, 3, 1529, 33, 1935, 850, 483, 17, 1083, 58, 26, 10, 3537, 13335, 234, 28, 140, 8, 3997, 34, 83, 142, 205, 93, 86, 1228, 174, 1883, 17, 26, 103, 2, 98, 7, 20, 192, 155, 14, 86, 12, 103, 245, 20, 19, 13, 93, 57, 183, 23, 152, 8, 22, 33, 50, 1, 8, 91, 19, 33, 192, 3, 59, 47, 55, 12, 150, 16, 13, 46, 8, 38, 21, 5, 1707, 5, 37, 26, 182, 108, 11, 4]",3208.421651097493,56,US,"{'username': 'ethanrao', 'profile': {'countryName': 'Canada'}}"
"[10907, 204, 37, 8, 45, 53, 27, 94, 4, 2, 24, 351, 14, 17, 30, 16, 14, 16, 20, 8, 19, 51, 24, 26, 41, 102, 4, 23, 42, 3, 901, 402, 9, 2, 12, 6, 11, 178, 54, 10, 232, 9, 2, 19, 5, 28, 24, 7, 11, 6, 61, 1, 7, 118, 62, 37, 6, 3, 870, 13, 3, 52, 9, 87, 22, 29, 93, 65, 50]",3205.7186512673547,57,CN,"{'username': 'xborui', 'profile': {'countryName': ''}}"
"[193, 160, 69, 347, 99, 11, 704, 19, 401, 36, 13, 95, 36, 57, 34, 20, 41, 48, 257, 29, 31, 2, 33, 10, 31, 17, 19, 3, 9, 323, 80, 70, 24, 116, 10, 47, 89, 23, 225, 3, 58, 111, 13, 116, 86, 81, 28, 118, 166, 25, 24, 100, 39, 44, 70, 4, 98, 25, 59, 7, 14, 144, 6, 3, 19, 214]",3204.438388180618,58,CN,"{'username': 'xy12138', 'profile': {'countryName': '中国'}}"
"[219, 13, 226, 63, 20, 935, 27, 161, 163, 84, 23, 21, 3, 50, 24, 3, 44, 16, 45, 33, 145, 2, 15, 13, 105, 13, 177, 146, 90, 5, 25, 12, 11, 18, 87, 4, 5, 2, 2, 136, 7, 9, 40, 15, 50, 82]",3200.465,59,US,"{'username': 'kirika-comp', 'profile': {'countryName': 'Japan'}}"
"[283, 82, 7, 130, 4, 36, 6, 6, 144, 63, 56, 13, 66, 2, 21, 22, 10, 9, 33]",3199.485,60,US,"{'username': '0suoicsnocbus', 'profile': {'countryName': 'United States'}}"
"[23, 42, 1, 4, 10, 15, 18, 4, 9, 8, 1, 3, 3, 7, 1, 2, 1, 9, 4, 1, 12, 3, 2, 3, 9, 12, 8, 4, 3, 5, 3, 2, 7, 1, 3, 4, 1, 8, 3, 13, 27, 64, 5, 4, 2, 69, 17, 3, 42, 7, 9, 25, 10, 16, 155, 35, 82, 33, 11, 28, 4, 25, 6, 2, 39, 68, 19, 52, 133, 163, 27, 75, 27, 445, 106, 15, 3, 160, 4, 42, 10, 160, 103, 51, 16, 26, 587, 23, 23, 81, 100, 29, 16, 46, 16, 121, 49, 67, 563, 168, 168, 8, 2, 21, 12, 105, 563, 60, 199, 28, 75, 103, 194, 27, 59, 16, 65, 52, 39, 137, 351, 10, 68, 39, 10, 87, 35, 176, 8, 18, 91, 14, 26, 262, 20, 41, 69, 69, 71, 37, 541, 42, 39, 13, 10, 2, 55, 43, 34, 292, 40, 111, 295, 15, 79, 34, 6, 98, 8, 87, 23, 85, 6, 25, 4, 41, 51, 49, 5, 112, 8, 74, 20, 16, 7, 12, 21, 23, 11, 46, 123, 9, 15, 6, 21, 8, 87, 48, 9, 17, 32, 20, 65, 188, 24, 32, 12, 7, 14, 14, 25, 24, 733]",3198.6053360039214,61,US,"{'username': 'lympanda', 'profile': {'countryName': ''}}"
"[63, 111, 98, 56, 320, 36, 208, 26, 214, 26, 174, 161, 178, 752, 619, 18, 51, 21, 40, 77, 88, 143, 37, 6, 35, 24, 45, 39, 88, 155, 1, 13]",3194.901,62,CN,"{'username': 'karate', 'profile': {'countryName': ''}}"
"[3, 14, 9, 11, 29, 21, 21, 55, 8, 1, 9, 5, 20, 6, 15, 8, 6, 2, 165, 1, 1, 19, 17, 14, 12, 2, 7, 9, 1, 2, 195, 14, 1, 5, 10, 2, 32, 7, 30, 1112, 124, 2, 3, 12, 787, 19, 8, 7, 14, 44, 32, 9, 1, 98, 65, 8, 49, 78, 59, 70, 122, 32, 2, 4, 20, 32, 13, 14, 111, 13, 15, 56, 22, 6, 1, 8, 70, 46, 3, 94, 47, 8, 18, 232, 7, 14, 28, 35, 2, 40, 257, 44, 19, 37, 6, 119, 22]",3193.409,63,US,"{'username': 'dreamoon', 'profile': {'countryName': 'Taiwan'}}"
"[181, 18, 368, 4594, 262, 205, 84, 19, 8, 366, 197, 554, 9, 120, 30, 290, 541, 137, 50, 66, 26, 260, 1006, 2, 37, 1118, 159, 13, 75, 154, 26, 54, 36, 73, 131, 153, 13, 100, 2, 10, 63, 322, 69, 78, 24, 9, 30, 20, 26, 3, 23, 12, 46, 47, 10, 332, 186, 6, 101, 10, 42, 23, 65, 34, 41]",3192.7024219753944,64,CN,"{'username': 'queerAsfolk', 'profile': {'countryName': '中国'}}"
"[97, 103, 2576, 100, 4, 6, 252, 332, 52, 11, 93, 117, 79, 40, 38, 14, 11, 9, 101, 33, 45, 23, 3, 22, 48]",3190.817,65,US,"{'username': 'plasmatic', 'profile': {'countryName': 'Canada'}}"
"[42, 9, 23, 12, 15, 28, 62, 3, 28, 30, 16, 17, 153, 33, 30, 25, 23, 411, 42, 18, 26, 35, 10, 234, 9, 8, 30, 4, 55, 23, 97, 190]",3179.936,66,US,"{'username': 'bilyhurington', 'profile': {'countryName': 'United States'}}"
"[140, 36, 4, 85, 59, 11, 8, 18, 76, 12, 1, 4, 2, 7, 12, 1, 15, 8, 2, 104, 3, 368, 16, 37, 172, 40, 13, 407, 401, 36, 880, 42, 27, 23, 49, 41, 53, 169, 61, 1251, 24, 36, 30, 92, 26, 413, 69, 15, 64, 143, 60, 41, 211, 21, 66, 49, 68, 239, 17, 62, 37, 68, 30, 23, 192, 53, 60, 56, 29, 18, 15, 5, 28, 39, 2162, 5, 36, 27, 35, 2, 248, 405, 131, 91, 260, 27, 202, 18, 73, 35, 10, 86, 18, 17, 154, 41, 5, 1, 101, 49, 48, 348, 70, 19, 25, 9, 23, 33, 62, 16, 914, 48, 37, 11, 30, 583, 41, 18, 70, 80, 108, 60, 15, 34, 17, 29, 46]",3175.1857548074604,67,US,"{'username': 'sheepforever', 'profile': {'countryName': None}}"
"[13, 15, 21, 606, 39, 16, 99, 304, 8, 21, 10, 5, 11, 142, 58, 21, 465, 97, 85, 49, 39, 138, 15, 25, 99, 7, 11, 7, 48, 38, 47]",3172.89,68,CN,"{'username': 'skpeng', 'profile': {'countryName': ''}}"
"[1215, 205, 30, 10, 42, 19, 27, 55, 18, 148, 23, 11, 4, 29, 333, 3, 8, 6]",3167.005,69,CN,"{'username': 'tarek', 'profile': {'countryName': '中国'}}"
"[17, 183, 63, 24, 4, 49, 61, 16, 13, 130, 19, 97, 16, 273, 289, 8, 126, 201, 23, 47, 74, 74, 9, 61, 209, 14, 11, 30, 23, 12, 8, 53, 14, 151, 220, 18, 11, 50, 35, 8, 3, 50, 93, 20, 73, 109, 9, 17, 304, 12, 195, 145, 3, 513, 14, 8, 110, 107, 31, 7, 69, 6, 17, 62, 16, 16, 321, 5, 163, 25, 8, 138, 373, 21, 12, 63, 17, 29, 11, 12, 78, 18, 88]",3163.808,70,CN,"{'username': 'Poojash18', 'profile': {'countryName': '中国'}}"
"[363, 182, 212, 26, 38, 246, 22, 33, 10, 23, 8, 22, 45, 75, 35, 63, 8, 7, 6, 59, 15, 32, 292, 13, 25, 100, 26, 20, 2, 52, 112, 23, 183, 4, 46, 27, 14, 99, 4, 4, 14, 276, 449, 7, 10, 3, 4, 10, 102, 27, 9, 1096, 23, 14, 508]",3162.5587265731415,71,US,"{'username': 'arignote', 'profile': {'countryName': None}}"
"[244, 590, 289, 876, 293, 615, 392, 435, 199, 667, 958, 619, 2228, 235, 285, 45, 707, 467, 167, 257, 100, 206, 732, 479, 87, 321, 381, 314, 141, 187, 177, 29, 575, 112, 76, 66, 70, 369, 173, 29, 211, 241, 750, 83, 340, 6887, 45, 177, 23, 82, 184, 496, 68, 146, 141, 418, 18, 373, 26, 294, 18, 403, 94, 13, 126, 6, 162, 376, 80, 59, 25, 63, 2, 64, 31, 6]",3161.791128608204,72,US,"{'username': 'green_pig', 'profile': {'countryName': None}}"
"[10212, 28, 6, 114, 107, 60, 19, 158, 45, 15, 270, 14, 43, 15, 83, 140, 234, 17, 577, 119, 102, 29, 64, 134, 111, 52, 19, 67, 32, 7, 484, 30, 202, 217, 94, 400, 3346, 225, 126, 49, 20, 54, 122, 510, 155, 18, 71, 132, 132, 2564, 94, 55, 18, 67, 41, 7, 4, 315, 141, 35, 53, 168, 67, 5, 618, 40, 167, 189, 201, 65, 48, 270, 35, 72, 42, 28, 316, 73, 186, 211, 26, 30, 96, 378, 149, 79, 9, 84, 562, 100, 336, 8, 18, 27, 126, 277, 109, 134, 72, 41, 41, 23, 57, 46, 72, 23940, 20, 113, 15, 61, 61, 12, 27, 37, 30, 7, 31, 69, 20, 10, 93, 15, 111]",3160.527,73,CN,"{'username': 'MichaelPengDeveloper', 'profile': {'countryName': '中国'}}"
"[72, 62, 166, 188, 80, 100, 287, 22, 51, 33, 589, 22, 376, 18, 709, 32, 351, 204, 74, 338, 24, 13, 333, 161, 56, 81, 91, 77, 80, 20, 75, 1512, 91, 135, 43, 199, 134, 6, 954, 43, 60, 292, 18, 112, 812, 138, 8, 139, 107, 74, 22, 16, 17, 28, 20, 221, 46, 27, 154, 179, 71, 22, 93, 227, 794, 13, 78, 75, 53, 34, 245, 18, 47, 228, 19, 24, 56, 26, 18]",3158.803,74,US,"{'username': 'flashmt', 'profile': {'countryName': 'Vietnam'}}"
"[5, 181, 28, 13, 10, 30, 7, 7, 50, 19, 165, 4, 5, 157, 25, 17, 77, 196, 97, 431, 53, 365, 21, 9, 178, 74, 48, 44, 34, 48, 18, 34, 14, 6, 18, 16, 175, 52, 23, 31, 16, 34, 36, 114, 17, 10, 316, 246, 156, 19, 30, 9, 77, 18, 72, 683, 50, 282, 96, 119, 21, 25, 348, 51, 372, 114, 45, 62, 18, 80, 5, 223, 27, 7, 39, 37, 40, 4, 40, 53, 86, 4, 378, 39, 21, 250, 98, 100, 86, 23, 52, 14, 176, 67, 38, 74, 239, 997, 90, 386, 13, 160, 43, 7, 54, 5, 46, 49, 23, 52, 1, 15, 134, 8, 39, 58, 63, 87, 272, 42, 26, 97, 50, 12, 9, 8, 78, 522, 8, 2, 9, 210, 27, 21, 71, 189, 86, 87, 16, 54, 209, 127, 493, 82, 32, 147, 101, 156, 87, 398, 119, 30, 25, 80, 14, 44, 45, 13, 10, 36, 39, 13, 42, 85, 24, 48, 243, 59, 70, 34, 35, 16, 213, 35, 36, 140, 68, 19, 39, 18, 295, 44, 79, 33, 10, 5]",3158.2717621388656,75,CN,"{'username': 'hunt67241', 'profile': {'countryName': '美国'}}"
"[158, 282, 843, 189, 203, 86, 331, 83, 511, 308, 33, 395, 44, 84, 86, 75, 368, 61, 98, 66, 77, 141, 238, 159, 6, 34, 108, 40, 44, 11, 9, 404, 29, 259, 4, 84, 216, 4, 3, 10, 256, 51, 82, 9, 15]",3152.792,76,CN,"{'username': 'gdkat', 'profile': {'countryName': '中国'}}"
"[1264, 2388, 232, 68, 23, 30, 24, 33, 110, 121, 27, 55, 71, 3, 89, 356, 84, 412, 2069, 194, 31, 146, 15, 56, 23, 3, 231, 584, 11, 48, 38, 16, 90, 62, 59, 9, 201, 13, 4, 139, 8, 15, 15, 157, 180, 11, 14, 29, 12, 1, 41, 9, 7, 26, 3, 37, 33, 352, 62, 16, 2, 18, 9, 94, 29, 35, 45, 2, 13, 54, 20, 10, 8, 17, 166, 24, 67, 26, 16, 4, 430, 54, 2, 147, 13, 23, 65, 2, 12, 16, 18, 13, 30, 10, 88, 39, 8, 443, 4, 132, 57, 5, 5, 3, 209, 98, 43, 10, 70, 1, 37, 6, 5, 15, 275, 82, 5, 9, 284, 73, 2143, 8, 3, 252, 39, 2, 2]",3147.695,77,CN,"{'username': 'klion26', 'profile': {'countryName': '中国'}}"
"[1, 8, 3, 1, 1, 18, 32, 1, 155]",3141.094,78,US,"{'username': 'pathetic-dog', 'profile': {'countryName': 'India'}}"
"[21, 30, 64, 16, 107, 39, 58, 46, 9, 130, 92, 52, 2, 18, 400, 78, 114, 5, 24, 41, 28, 48, 5, 599, 201, 14, 23, 228, 1, 32, 7, 1, 53, 7, 19, 196, 89, 21, 181, 11, 108, 2, 20, 9, 44, 59, 2, 24, 99, 28, 22, 25, 18, 6, 13, 91, 8, 27, 3, 57, 12, 60, 67, 8, 26, 2, 473, 5, 20, 20, 22, 30, 642, 182, 862, 82, 55, 45, 30, 29, 3, 42, 288, 11, 17, 13, 2, 7, 58, 37, 14, 32, 24, 33, 282, 116, 24, 131, 13, 11, 40, 6, 46, 33, 63, 284, 10, 10, 23, 66, 215, 22, 44, 9, 25, 52, 169, 41, 26, 29, 78, 34, 133, 76, 3, 36, 13, 31, 7480, 31, 34, 31, 15, 27, 96, 131, 112, 35, 375, 8, 16, 46, 1332, 18, 672, 161, 227, 48, 89, 86, 157, 373, 18, 19, 15, 120, 138, 375, 47, 13, 147, 107, 28, 10, 64, 87, 101, 92, 43, 245, 29, 19, 198, 101, 45, 18, 26, 63, 21, 14, 52, 42, 226, 6, 35, 10, 94, 208, 23, 263, 39, 117, 24, 16, 83, 102, 256, 8, 18, 772, 970, 85, 56, 56, 5, 6, 141, 149, 10, 7, 17, 23, 44, 15, 42, 72, 21, 238, 159, 57, 333, 58, 53, 260, 24, 57, 22, 494, 14, 117, 60, 61, 26, 22, 33, 16, 7, 29, 11, 14, 13, 99, 16, 77, 137, 46, 82]",3139.6825661078765,79,US,"{'username': 'Ma_Lin', 'profile': {'countryName': None}}"
"[1558, 697, 324, 349, 73, 65, 35, 345, 125, 283, 598, 59, 54, 47, 224, 58, 307, 220, 697, 45, 146, 376, 286, 181, 149, 52, 308, 40, 46, 104, 88, 198, 97, 246, 27, 48, 7, 11, 695, 300, 156, 349, 75, 1746, 56, 659, 35, 93, 24, 12, 337, 19, 92, 50, 54, 129, 30, 28, 34, 45, 15, 17, 24, 2103, 1, 22, 59, 236, 12, 23, 21, 107, 53, 24, 31, 72, 1887, 34, 10, 85, 8, 12, 50, 15, 495, 29, 24, 14, 25, 143, 23, 16, 143, 60, 20, 61, 303, 16, 23, 81, 36]",3132.771,80,CN,"{'username': 'lachy_136', 'profile': {'countryName': '中国'}}"
"[29, 21, 10, 9, 290, 72, 55, 14, 12, 21, 36, 35, 49, 7, 37, 24, 7, 26, 26, 26, 35, 27, 92, 31, 56, 15, 32, 79, 32, 68, 33, 13, 6, 33, 28, 49, 22, 10, 15, 243, 157, 56, 7, 43, 33, 14, 149, 99, 35, 23, 27, 33, 325, 26, 2, 166, 133, 8, 30, 212, 8, 17, 51, 7, 44, 10, 9, 9, 5, 6, 50, 25, 10, 50, 17, 87, 36, 534, 70, 103, 50, 160, 92, 122, 601, 116, 29, 128, 518, 273, 47, 45, 16, 35, 18, 128, 241, 31, 79, 77, 55, 563, 67, 97, 212, 206, 30, 24, 522, 3, 115, 101, 42, 29, 10, 124, 1, 17, 15, 49, 301, 47, 53, 109, 514, 51, 12, 68, 181, 67, 30, 12, 94, 24, 8, 21, 14, 48, 85, 186, 98, 65, 106, 30, 120, 28, 61, 46, 50, 416, 290, 200, 26, 18, 52, 6, 23]",3130.3701251085067,81,CN,"{'username': 'cmagnemi', 'profile': {'countryName': '中国'}}"
"[2, 55, 73, 109, 18, 35, 2, 20, 59, 64, 2, 471, 12, 1567, 228, 111, 9, 45, 63, 6, 12, 83, 5]",3129.972,82,CN,"{'username': 'mayur0055', 'profile': {'countryName': '中国'}}"
"[114, 69, 283, 94, 488, 883, 567, 135, 1380, 139, 488, 1094, 1280, 25, 114, 1185, 493, 1340, 576, 1055, 19, 313, 345, 26, 46, 56, 9, 9, 5, 105, 4270, 13, 60, 177, 15, 111, 29, 13, 13, 184, 99, 59, 71, 85, 48, 4, 1, 117, 17, 46, 140, 83]",3127.495,83,CN,"{'username': 'vince1114', 'profile': {'countryName': ''}}"
"[7, 130, 1, 92, 121, 23, 8, 318, 9, 13, 16, 137, 5, 23, 1, 3, 9, 4, 25, 300, 7, 265, 28, 219, 281, 8, 5]",3126.75,84,US,"{'username': 'smax', 'profile': {'countryName': None}}"
"[215, 280, 162, 2, 89, 101, 1703, 57, 296, 248, 15, 38, 44, 26, 4, 298, 23, 42, 73, 61, 18, 31, 216, 11, 7, 7, 26, 43]",3125.032938054419,85,US,"{'username': 'kaikaikaikaikai', 'profile': {'countryName': 'Kazakhstan'}}"
"[31, 81, 183, 113, 41, 8, 199, 27, 33, 118, 143, 18, 42, 10, 211, 64, 49, 9, 21, 1668, 26, 40, 53, 60, 69, 41, 149, 47, 152, 2, 691, 23, 69, 53, 43, 45, 24, 397, 6, 1, 38, 103, 246, 228, 43, 20, 13, 961, 102, 129, 14, 65, 34, 1269, 48, 32, 17, 55, 59, 194, 7, 9, 20, 29, 4821, 46, 67, 929, 38, 17, 16, 20, 302, 64, 17, 69, 16607, 82, 124, 221, 26, 2, 74, 30, 675, 28, 42, 1013, 319, 188, 220, 8, 302, 18, 57, 54, 210, 39, 59, 14, 38, 714, 760, 23, 65, 127, 65, 211, 61, 187, 43, 109, 57, 75, 127, 10, 2100, 123, 43, 69, 164, 36, 154, 73, 82, 122, 164, 17, 39, 7, 52, 493, 25, 3, 50, 407, 92, 9, 86, 370, 88, 18, 11, 1, 411, 5, 608, 29]",3124.026,86,CN,"{'username': '369488685', 'profile': {'countryName': ''}}"
"[16, 4, 26, 125, 23, 12, 31, 17, 13, 9, 14, 175, 45, 98, 4, 13, 73, 17, 45, 11, 11, 41, 5, 29, 15, 14, 4, 3, 11, 8, 55, 67, 19, 5, 4, 3, 7, 11, 8, 27, 17, 6, 5, 82, 2, 44, 2, 5, 12, 9, 10, 67, 4, 61, 46, 10, 1, 8, 20, 8, 95, 8, 12, 23, 13, 5, 3, 5, 10, 20, 40, 11, 23, 35, 18, 25, 13, 46, 61, 76, 3, 22, 23, 9, 93, 2, 11, 51, 3, 6, 12, 20, 3, 8, 13, 758, 19, 41, 6, 14, 184, 29, 12, 43, 26, 2, 8, 51, 17, 143, 6, 37, 41, 12, 12, 20, 77, 84, 15, 26, 12, 15, 76, 19, 25, 99, 10, 62, 7, 24, 90, 16, 17, 33, 4, 35, 30, 51, 56, 15, 13, 41, 16, 65, 49, 12, 11, 15, 28, 67, 210, 38, 11, 484, 4, 26, 120, 131, 23, 87, 179, 8, 19, 5, 80, 28, 81, 216, 12, 110, 19, 10, 13, 118, 44, 1, 64, 10, 10, 14, 32, 5, 125, 87, 11, 222, 17, 14, 22, 30, 16, 8, 18, 151, 35, 70, 17, 354, 4, 56, 15, 246, 24, 33, 233, 635, 8, 17, 8, 11, 163, 21, 59, 58, 6, 20, 65, 46, 26, 9, 134, 103, 150, 24, 31, 11, 19, 18, 382, 87, 16, 82, 4, 72, 22, 14, 27, 23, 7, 137, 117, 16, 100, 38, 57, 53, 27, 21, 13, 6, 7, 19, 101, 8, 8, 45, 44, 131, 10, 6, 188, 45, 13, 13, 41, 48, 6, 49, 63, 11, 188, 65, 13, 74, 36, 35, 25, 219, 60, 7, 27, 17, 85, 116, 2, 25, 9, 13, 65, 24, 30, 52, 34, 249, 27, 49, 92, 27, 41, 46, 28, 165, 53, 130, 43, 19, 29, 52, 30, 26, 35, 25, 59, 27, 55, 2, 38, 13, 17, 57, 31, 33, 23, 18, 49, 51, 150, 247, 64, 48, 84, 47, 91, 22, 37, 62, 30, 34, 26, 109, 4, 41, 73]",3120.7575767053677,87,CN,"{'username': 'doooo', 'profile': {'countryName': ''}}"
"[172, 232, 73, 106, 200, 112, 15, 12, 26, 5, 36, 126, 75, 4, 10, 7, 211, 89, 5, 47, 133, 6, 3638, 48, 158, 114, 2, 254, 42, 4, 57, 25, 600, 52, 209, 20, 13, 28, 137, 54, 199, 76, 468, 83, 18, 96, 185, 7, 57, 3, 5, 73, 20, 173, 37, 33, 28, 417, 441, 47, 56, 56, 137, 37, 15, 27, 169, 9, 24, 259, 69, 94, 154, 897, 47, 3384, 39, 618, 286, 31, 280, 21, 185, 93, 51, 6, 48, 41, 82, 107, 70, 215, 3, 176, 19, 125, 62, 3, 204, 155, 263, 19, 11, 427, 56, 2, 217, 54, 324, 83, 162, 58, 206, 37, 435, 37, 143, 250, 366, 37, 36, 39, 419, 1071, 120, 182, 95, 28, 7, 106, 23, 160, 27, 52, 238, 51, 9, 402, 19, 49, 151, 6, 20, 4, 1, 18691, 32, 20, 4, 44, 34, 156]",3115.105815712118,88,CN,"{'username': 'stany', 'profile': {'countryName': ''}}"
"[26, 6, 41, 13, 14, 17, 23, 110, 26, 797, 14, 164, 30, 19, 1, 9]",3114.46,89,CN,"{'username': 'shyamjha12', 'profile': {'countryName': ''}}"
"[4, 9, 72, 8, 40, 3, 1, 2]",3113.218,90,US,"{'username': 'moransky', 'profile': {'countryName': 'Hong Kong'}}"
"[153, 46, 70, 414, 7, 47, 53, 13, 52, 491, 32, 11, 10, 8, 50, 14, 4, 6, 19, 8, 22, 7, 365, 26, 40, 439, 101, 32, 17, 211, 81, 22, 22, 5, 12, 72, 42, 85, 96, 39, 12, 130, 5, 53, 110, 14, 821, 42, 38, 14, 27, 64, 257, 34, 163, 11, 56, 35, 5178, 600, 28, 290, 1468, 518, 24, 19, 12, 81, 66, 29, 103, 338, 117, 304, 25, 52, 1, 15]",3112.070798859508,91,CN,"{'username': 'sqqqqqq', 'profile': {'countryName': ''}}"
"[834, 477, 1385, 135, 110, 295, 67, 70, 322, 211, 82, 142, 199, 206, 11, 91, 471, 160, 404, 957, 99, 374, 227, 151, 33, 272, 767, 67, 46, 574, 39, 15, 85, 1385, 58, 103, 34, 68, 452, 173, 126, 23, 79, 208, 154, 125, 915, 174, 82, 41, 303, 264, 12, 36, 63, 64, 73, 234, 63, 50, 77, 17, 116, 6]",3109.803,92,US,"{'username': 'friedall', 'profile': {'countryName': 'Hong Kong'}}"
"[44, 9, 4, 47, 10, 9, 77, 4, 33, 7, 34, 18, 57, 169, 4, 102, 60, 104, 50, 51, 12, 34, 12, 13, 103, 239, 326, 339, 19, 21, 12]",3107.668,93,CN,"{'username': 'theone7', 'profile': {'countryName': ''}}"
"[234, 272, 150, 1129, 185, 131, 115, 271, 234, 377, 50, 506, 30, 24, 1177, 315, 494, 197, 281, 109, 266, 225, 303, 126, 163, 115, 549, 87, 47, 114, 188, 1323, 142, 51, 76, 118, 400, 9, 161, 24, 43, 83, 109, 34, 63, 10, 166, 26, 17, 98, 137, 59, 94, 4, 163, 162, 174, 164, 1887, 18, 5, 243, 28, 40, 38, 86, 120, 31, 1020, 33, 64, 78, 16, 315, 14, 128, 26, 82, 187, 30, 79, 1401, 341, 215, 96, 49, 100, 460, 88, 39, 194, 30, 7, 259, 59, 58, 95, 142, 66, 63, 115, 82, 118, 117, 36, 20, 27, 15, 134, 315, 57, 12, 147, 18, 19, 33, 122, 95, 242, 12, 1389, 189, 34, 147, 298, 44, 16, 51, 38, 115, 57, 24, 50, 35, 55, 697, 234, 308, 652, 34, 155, 49, 901, 89, 65, 122, 13, 20, 25, 133, 46, 146, 70, 57, 117, 473, 67, 226, 552, 361, 123, 89, 90, 25, 39, 122, 112, 136, 176, 467, 13, 88, 54, 10, 226, 102, 107, 15, 41, 224, 121, 15, 367, 188, 584, 29, 59, 161, 23, 689, 80, 979, 147, 7, 20, 14, 15, 1, 626, 7, 59, 24, 367, 14, 556, 963, 289, 253, 20, 81, 8, 49, 99, 31, 160, 52, 2, 22, 75, 38, 74, 3773, 294, 72, 997, 27, 18, 35, 85, 49, 8, 84, 87, 19, 620, 168, 55, 54, 273, 90, 21, 75, 134, 186, 107, 14, 51, 138, 23, 3, 62, 7, 51, 111, 5, 129, 15, 98, 12, 80, 35, 35, 28, 260, 5, 85, 15, 120, 63, 58, 65, 105, 121, 152, 10, 55, 229, 16, 73, 37, 17, 45, 121, 33, 4, 657, 21, 209, 266, 78, 125, 11, 168, 3, 192, 137, 346, 22, 327, 278, 161, 21, 547, 132, 53, 58, 100, 16, 9, 107, 15, 47, 57, 162, 591, 194, 135, 136, 181, 448, 877, 59, 7, 151, 21, 129, 12, 124, 104, 14, 34, 32, 16, 122, 77, 81, 53, 5, 23]",3105.171408426144,94,CN,"{'username': 'tiankonguse001', 'profile': {'countryName': '中国'}}"
"[2162, 2522, 1567, 2047, 2632, 3335, 2376, 749, 1919, 1739, 1873, 1514, 2364, 780, 1605, 1846, 687, 3399, 474, 4534, 3600, 1259, 219, 2968, 2426, 3593, 983, 2017, 290, 654, 673, 856, 1606, 1040, 1509, 3173, 2196, 4101, 931, 5912, 7667, 3293, 3988, 3198, 1125, 3976, 2594, 3893, 5869, 5107, 3618, 4139, 7084, 5848, 5124, 5842, 7505, 6982, 3967, 4133, 1599, 6201, 4695, 2064, 4687, 3023, 449, 1271, 1504, 724, 725, 464, 660, 516, 335, 1190, 1106, 6695, 584, 966, 1141, 1734, 609, 722, 1157, 3542, 482, 1391, 1926, 1055, 3802, 850, 348, 1686, 412, 959, 451, 803, 443, 1421, 170, 14, 1187, 2215, 1245, 321, 1986, 8343, 721, 159, 660, 184, 15, 97, 24, 43, 48, 1792, 138, 351, 78, 117, 954, 129, 109, 45, 687, 12, 11, 61, 22, 49, 20, 203, 179, 313, 472, 753, 168, 71, 98, 240, 604, 48, 77, 139, 3, 84, 30, 93, 25, 387, 257, 133, 16, 39, 21, 246, 21, 12, 374, 34, 33, 22, 58, 49, 39, 251, 33, 33, 48, 210, 39, 17, 36]",3104.0517255618247,95,US,"{'username': 'danielchandg', 'profile': {'countryName': 'United States'}}"
"[3095, 3553, 2715, 5791, 1887, 1891, 1217, 2762, 3985, 2137, 2766, 2351, 3026, 1911, 2029, 925, 1183, 292, 2342, 1824, 1894, 3117, 3362, 2961, 649, 2714, 2338, 1122, 1252, 2513, 4071, 789, 5718, 3062, 919, 3189, 748, 1899, 4361, 5003, 979, 763, 1154, 1526, 3872, 653, 720, 270, 888, 417, 492, 1190, 1800, 946, 661, 436, 1875, 365, 197, 570, 285, 384, 262, 628, 159, 291, 222, 563, 6249, 540, 75, 1173, 546, 172, 418, 189, 59, 811, 203, 1533, 2363, 343, 512, 312, 871, 311, 545, 42, 138, 416, 147, 189, 240, 170, 18, 470, 245, 26, 199, 40, 149, 123, 137, 95, 88, 475, 107, 336, 110, 339, 1044, 271, 359, 279, 360, 72, 61, 24, 24, 16, 196, 128, 81, 332, 1011, 70, 73, 622, 235, 90, 98, 36, 67, 26, 33, 22, 22, 27, 11]",3103.591,96,US,"{'username': 'R3mix', 'profile': {'countryName': 'United States'}}"
"[25, 131, 28, 67, 1, 41, 5, 12, 9, 8, 13, 87, 80, 91, 99, 19, 9, 9, 20, 37, 13, 8, 65, 5107, 125, 48, 12, 40, 33, 70, 207, 27, 5, 64, 2, 10, 2, 3, 10, 50, 380, 217, 12, 188, 26, 31, 17, 12, 35, 6, 15, 479, 85, 11, 35, 24, 100, 13, 10, 6, 4, 1, 17, 6, 175, 5, 102, 384, 18, 10, 42, 73, 101, 110, 19, 71, 7, 58, 66, 14, 2, 3, 169, 6, 741, 64, 48, 23, 23, 26, 39, 23, 56, 40, 17, 208, 37, 18, 17, 390, 47, 31, 31, 13, 44, 55, 16, 172, 111, 14, 10, 49, 139, 191, 4, 26, 2, 315, 21, 3, 58, 32, 30, 12, 26, 5, 7, 34, 13, 8, 27, 239, 56, 96, 2, 23, 89, 46, 225, 41, 322, 82, 29, 34, 59, 10, 153, 6, 29, 16, 8, 84, 42, 56, 47, 28, 74, 10, 12, 4, 18, 1, 112, 55, 183, 15, 33, 257, 48, 14, 59, 4, 7, 7, 151, 46, 679, 231, 17, 48, 94, 20, 26, 5, 62, 52, 29, 28, 261, 18, 127, 51, 58, 33]",3100.278439309714,97,US,"{'username': 'skywalkert', 'profile': {'countryName': 'China'}}"
"[12, 56, 6, 2, 17, 102, 161, 13, 5, 30, 12, 6, 62, 8, 5, 7, 81, 1, 21, 16, 23, 85, 16, 1, 5, 39, 2, 5, 38, 7, 50, 54, 5, 862, 48, 13, 21, 26, 25, 2, 45, 76, 73, 81, 10, 18, 25, 40, 71, 54, 79, 84, 193, 762, 4, 68, 39, 61, 130, 21, 422, 23, 107, 301, 473, 32, 140, 32, 24, 25, 75, 324, 232, 9, 395, 2559, 127, 268, 43, 15, 110, 26, 157, 226, 596, 42, 55, 193, 192, 214, 29, 733, 1733, 53, 12, 54, 62, 83, 1936, 94, 118, 329, 150, 51, 247, 14, 10, 504, 177, 148, 8, 50, 86, 17, 396, 185, 40, 42, 63, 71, 67, 62, 620, 68, 51, 482, 24, 50, 29, 57, 165, 59, 23, 16, 7, 80, 134, 42, 7, 74, 32, 21, 157, 85, 90, 88, 22, 27, 266, 46, 24, 20, 28, 281, 520, 8, 841, 8, 75, 205, 95, 62, 284, 15, 159, 652, 150, 121, 206, 146, 13, 45, 92, 2, 17, 42, 62, 37, 48, 220, 48, 11, 445, 7, 22, 627, 55, 45, 20, 30, 458, 57, 20, 30, 14, 147, 98, 13, 19, 89, 15, 10, 23, 63, 124, 34, 120, 9, 40, 53, 185, 266, 79, 66, 84, 87, 265, 56, 6, 18, 153, 9, 143, 80, 28, 46, 57, 183, 26, 47, 80]",3093.692,98,US,"{'username': 'cai_lw', 'profile': {'countryName': 'United States'}}"
"[30, 58, 31, 5, 1, 40, 30, 257, 109, 31, 376, 44, 17, 34, 8, 79, 87, 1, 14, 18, 10, 8, 4, 10, 2, 2, 2, 6, 6, 4, 30, 169, 3, 32, 328, 27, 3, 6, 81, 50, 3, 43, 523, 13, 2932, 219, 3, 508, 349, 2, 478, 189, 42, 2, 35, 443, 7, 18, 53, 2, 25, 10, 29, 7, 6, 3, 14, 2, 1, 4191, 93, 105, 13, 4, 56, 4, 3, 3, 873, 29, 48, 12, 35, 160, 311, 3, 22, 7, 35, 54, 54, 2, 70, 49, 33, 7, 4, 52, 10, 47, 7, 25, 5, 17, 9, 242, 3, 68, 16, 88, 356, 8, 71, 291, 75, 100, 27, 3, 32, 69, 33, 5, 124, 451, 3, 9, 4, 6, 32, 7, 7, 121, 1, 3045, 13, 206, 58, 37, 3, 24, 203, 9, 1, 12, 153, 13, 18, 1, 53, 52, 3, 13, 2, 2, 29, 1, 22, 19, 22, 38, 203, 157, 12, 190, 1, 49, 202, 30, 8, 13, 22, 27, 136, 3, 3, 217, 58, 23, 5, 213, 75, 89, 9, 15, 21, 9, 92, 104, 498, 24, 5, 75, 35, 157, 28, 37, 32, 1, 143, 12, 9, 24, 210, 94, 16, 25, 56, 7, 77, 1, 1, 17, 13, 92, 6, 11, 16, 74, 126, 153, 19, 21, 74, 3, 22, 3, 339, 4, 30, 5, 46, 4, 84, 10, 265, 278, 22, 9, 5, 50, 14, 9, 2, 21, 35, 4, 19, 101, 4, 114, 6, 20, 11, 19, 55, 51, 4, 10, 1158, 11, 62, 129, 10, 64, 112, 16, 18, 22, 17, 93, 31, 7, 48, 3, 32, 8, 145, 5, 35, 13, 1, 9, 98, 37, 17, 650, 309, 43, 86, 15, 6869, 18, 3, 2, 62, 3, 31, 340, 14, 85, 11, 20, 10, 11, 460, 31, 6479, 366, 3, 3, 32, 3, 3664, 7, 66, 89, 1256, 16, 17, 43, 81, 135, 8, 11, 109, 1, 115, 111, 97]",3093.6476224904977,99,US,"{'username': 'kmjp', 'profile': {'countryName': None}}"
"[22, 89, 363, 83, 134, 127, 35, 314, 88, 103, 138, 5, 87, 37, 42, 24, 46, 11, 37, 97, 37, 181, 244, 12, 179, 9, 69, 50, 24, 30]",3091.155,100,US,"{'username': 'youtube_aryanc403', 'profile': {'countryName': 'India'}}"
